Rollensatz;Anwendungsrolle;Benutzer;Gruppe;Gültig von;Gültig bis
Experte;Frontoffice_lesen;;KR_ANW_KVZD;;
Experte;Marktkommunikation_MSB_lesen;;KR_ANW_KVZD;;
Experte;Geraete_Bearbeitung_lesen;;KR_ANW_KVZD;;
Experte;Geraete_Bewegungen_lesen;;KR_ANW_KVZD;;
Experte;Controlling_Dezentrale_Anlagen;;KR_ANW_KVZD;;
Experte;Qualifikationsverfahren_lesen;;KR_ANW_KVZD;;
Experte;Auftrag_Buchungen_lesen;;KR_EXT_AUFT;;
Experte;Arbeitszeiterfassung_lesen;;KR_EXT_AUFT;;
Experte;Auftrag_Arbeit_lesen;;KR_EXT_AUFT;;
Experte;Auftrag_Artikel_Lager_lesen;;KR_EXT_AUFT;;
Experte;Auftrag_Belegwesen_lesen;;KR_EXT_AUFT;;
Experte;Auftrag_Informationen_lesen;;KR_EXT_AUFT;;
Experte;Auftrag_Maschinen_lesen;;KR_EXT_AUFT;;
Experte;Auftrag_Planung_lesen;;KR_EXT_AUFT;;
Experte;Auftrag_Verwaltung_lesen;;KR_EXT_AUFT;;
Experte;Inventur_lesen;;KR_EXT_AUFT;;
Experte;Leergutverwaltung_lesen;;KR_EXT_AUFT;;
Experte;Strukturdefintionen_lesen;;KR_EXT_AUFT;;
Experte;Tankabrechnung_lesen;;KR_EXT_AUFT;;
Experte;Controlling_Auftragsmanagement;;KR_EXT_AUFT;;
Experte;Posteingang_lesen;;KR_EXT_BASIS;;
Experte;Verwaltungsstruktur_Organisationsstruktur_lesen;;KR_EXT_BASIS;;
Experte;Controlling_Basis;;KR_EXT_BASIS;;
Experte;Beitragsmanagement_lesen;;KR_EXT_BEITR;;
Experte;Grundstueckskataster _lesen;;KR_EXT_BEITR;;
Experte;Controlling_Beitragsmanagement;;KR_EXT_BEITR;;
Experte;Gebuehrenerfassung_lesen;;KR_EXT_DEBI;;
Experte;Aussetzung_Saeumnis_lesen;;KR_EXT_DEBI;;
Experte;Vertragskonten_lesen;;KR_EXT_DEBI;;
Experte;Sicherheitsleistung_lesen;;KR_EXT_DEBI;;
Experte;Debitor_Ausbuchungen_EWB_lesen;;KR_EXT_DEBI;;
Experte;Bankclearing_lesen;;KR_EXT_DEBI;;
Experte;Ratenvereinbarungen_lesen;;KR_EXT_DEBI;;
Experte;Sperrverwaltung_lesen;;KR_EXT_DEBI;;
Experte;Debitor_Auszifferung_lesen;;KR_EXT_DEBI;;
Experte;Debitor_Zahlungslaeufe_lesen;;KR_EXT_DEBI;;
Experte;Schnittstellen_gerichtliches_Mahnwesen_lesen;;KR_EXT_DEBI;;
Experte;Mahnwesen_lesen;;KR_EXT_DEBI;;
Experte;Debitor_Offene_Posten_lesen;;KR_EXT_DEBI;;
Experte;Controlling_Debitoren;;KR_EXT_DEBI;;
Experte;Anlagenbuchhaltung_lesen;;KR_EXT_FIBU;;
Experte;Kostenrechnung_lesen;;KR_EXT_FIBU;;
Experte;Periodensaldenlaeufe_lesen;;KR_EXT_FIBU;;
Experte;Hauptbuch_Kasse_lesen;;KR_EXT_FIBU;;
Experte;Hauptbuch_Buchungsstammdaten_lesen;;KR_EXT_FIBU;;
Experte;Hauptbuch_Buchungserfassung_lesen;;KR_EXT_FIBU;;
Experte;Hauptbuch_Abrechnungszeitraeume_lesen;;KR_EXT_FIBU;;
Experte;Hauptbuch_Betriebsstruktur_lesen;;KR_EXT_FIBU;;
Experte;Umsatzsteuervoranmeldung_lesen;;KR_EXT_FIBU;;
Experte;Buchhalterische_Schnittstellen_lesen;;KR_EXT_FIBU;;
Experte;Hauptbuch_Berichtswesen_lesen;;KR_EXT_FIBU;;
Experte;Controlling_Hauptbuch;;KR_EXT_FIBU;;
Experte;Controlling_Kostenrechnung;;KR_EXT_FIBU;;
Experte;Controlling_Anlagenbuchhaltung;;KR_EXT_FIBU;;
Experte;Hauptbuch_Folgebuchungen_lesen;;KR_EXT_FIBU;;
Experte;Rechnungseingang_lesen;;KR_EXT_KREDI;;
Experte;Kreditor_Auszifferung_lesen;;KR_EXT_KREDI;;
Experte;Kreditor_Ausbuchungen_lesen;;KR_EXT_KREDI;;
Experte;Kreditor_Zahlungslaeufe_lesen;;KR_EXT_KREDI;;
Experte;Kreditor_Offene_Posten_lesen;;KR_EXT_KREDI;;
Experte;Controlling_Kreditoren;;KR_EXT_KREDI;;
Experte;Controlling_Rechnungseingang;;KR_EXT_KREDI;;
Experte;Frontoffice_lesen;;KR_EXT_KUND;;
Experte;CRM_lesen;;KR_EXT_KUND;;
Experte;Controlling_CRM;;KR_EXT_KUND;;
Experte;Controlling_Kundendaten;;KR_EXT_KUND;;
Experte;Rechnungsdokumentendruck;;KR_EXT_VABR;;
Experte;Abschlagsdokumentendruck;;KR_EXT_VABR;;
Experte;Grosskunden_und_Tarifkundenabrechnung_lesen;;KR_EXT_VABR;;
Experte;Controlling_Grosskunden_und_Tarifkundenabrechnung;;KR_EXT_VABR;;
Experte;Vertragsmanagement_lesen;;KR_EXT_VABR;;
Experte;Controlling_Vertragsmanagement;;KR_EXT_VABR;;
Experte;Eichung_Stichproben_lesen;;KR_EXT_VABR;;
Experte;Geraete_Bearbeitung_lesen;;KR_EXT_VABR;;
Experte;Geraete_Bewegungen_lesen;;KR_EXT_VABR;;
Experte;Geraete_Strukturen_lesen;;KR_EXT_VABR;;
Experte;Tagwerke_lesen;;KR_EXT_VABR;;
Experte;Technische_Messwerte_lesen;;KR_EXT_VABR;;
Experte;Turnustausch_lesen;;KR_EXT_VABR;;
Experte;Geraete_Stammdaten_lesen;;KR_EXT_VABR;;
Experte;Controlling_Ablesung_und_Ablesesteuerung;;KR_EXT_VABR;;
Standard;Controlling Auftrag und Zähler;;KR_EXT_VABR;;
Experte;Qualifikationsverfahren_lesen;;KR_EXT_VABR;;
Experte;Debitor_Offene_Posten_lesen;;KR_G_GJ;;
Experte;Beitragsmanagement_lesen;;KR_G_GJ;;
Experte;Grosskunden_und_Tarifkundenabrechnung_lesen;;KR_G_GJ;;
Experte;Frontoffice_lesen;;KR_G_GJ;;
Experte;Auftrag_Belegwesen_lesen;;KR_G_GJ;;
Experte;Rechnungseingang_lesen;;KR_G_GM;;
Experte;Gebuehrenerfassung_lesen;;KR_G_GM;;
Experte;Aussetzung_Saeumnis_lesen;;KR_G_GM;;
Experte;Vertragskonten_lesen;;KR_G_GM;;
Experte;Sicherheitsleistung_lesen;;KR_G_GM;;
Experte;Debitor_Ausbuchungen_EWB_lesen;;KR_G_GM;;
Experte;Bankclearing_lesen;;KR_G_GM;;
Experte;Ratenvereinbarungen_lesen;;KR_G_GM;;
Experte;Kreditor_Auszifferung_lesen;;KR_G_GM;;
Experte;Debitor_Auszifferung_lesen;;KR_G_GM;;
Experte;Kreditor_Ausbuchungen_lesen;;KR_G_GM;;
Experte;Debitor_Zahlungslaeufe_lesen;;KR_G_GM;;
Experte;Kreditor_Zahlungslaeufe_lesen;;KR_G_GM;;
Experte;Mahnwesen_lesen;;KR_G_GM;;
Experte;Kreditor_Offene_Posten_lesen;;KR_G_GM;;
Experte;Debitor_Offene_Posten_lesen;;KR_G_GM;;
Experte;Beitragsmanagement_lesen;;KR_G_GM;;
Experte;CRM_Keyuser;;KR_G_GM;;
Experte;Grosskunden_und_Tarifkundenabrechnung_lesen;;KR_G_GM;;
Experte;Controlling_Grosskunden_und_Tarifkundenabrechnung;;KR_G_GM;;
Experte;Grundstueckskataster _lesen;;KR_G_GM;;
Experte;Dokumentenarchivadministrator_lesen;;KR_G_GM;;
Experte;Anwendungsadministrator_lesen;;KR_G_GM;;
Experte;Benutzeradministrator_lesen;;KR_G_GM;;
Experte;Verwaltungsstruktur_Organisationsstruktur_lesen;;KR_G_GM;;
Experte;Dokumentenadministrator _lesen;;KR_G_GM;;
Experte;Kundensegmentierung_Keyuser;;KR_G_GM;;
Experte;Frontoffice_lesen;;KR_G_GM;;
Experte;Vertragsmanagement_lesen;;KR_G_GM;;
Experte;Vertriebskanalmanagement_Keyuser;;KR_G_GM;;
Experte;Controlling_CRM;;KR_G_GM;;
Experte;Controlling_Kundendaten;;KR_G_GM;;
Experte;Controlling_Vertragsmanagement;;KR_G_GM;;
Experte;Anlagenbuchhaltung_lesen;;KR_G_GM;;
Experte;Kostenrechnung_lesen;;KR_G_GM;;
Experte;Periodensaldenlaeufe_lesen;;KR_G_GM;;
Experte;Hauptbuch_Kasse_lesen;;KR_G_GM;;
Experte;Hauptbuch_Buchungsstammdaten_lesen;;KR_G_GM;;
Experte;Hauptbuch_Buchungserfassung_lesen;;KR_G_GM;;
Experte;Hauptbuch_Abrechnungszeitraeume_lesen;;KR_G_GM;;
Experte;Hauptbuch_Betriebsstruktur_lesen;;KR_G_GM;;
Experte;Hauptbuch_Sonderfunktionen_lesen;;KR_G_GM;;
Experte;Umsatzsteuervoranmeldung_lesen;;KR_G_GM;;
Experte;Buchhalterische_Schnittstellen_lesen;;KR_G_GM;;
Experte;Hauptbuch_Berichtswesen_lesen;;KR_G_GM;;
Experte;Auftrag_Schnittstellen;;KR_G_GM;;
Experte;Auftrag_Buchungen_lesen;;KR_G_GM;;
Experte;Arbeitszeiterfassung_lesen;;KR_G_GM;;
Experte;Auftrag_Arbeit_lesen;;KR_G_GM;;
Experte;Auftrag_Artikel_Lager_lesen;;KR_G_GM;;
Experte;Auftrag_Belegwesen_lesen;;KR_G_GM;;
Experte;Auftrag_Informationen_lesen;;KR_G_GM;;
Experte;Auftrag_Maschinen_lesen;;KR_G_GM;;
Experte;Auftrag_Planung_lesen;;KR_G_GM;;
Experte;Auftrag_Verwaltung_lesen;;KR_G_GM;;
Experte;Dezentrale_Anlagen_lesen;;KR_G_GM;;
Experte;Eichung_Stichproben_lesen;;KR_G_GM;;
Experte;Geraete_Bearbeitung_lesen;;KR_G_GM;;
Experte;Geraete_Bewegungen_lesen;;KR_G_GM;;
Experte;Geraete_Strukturen_lesen;;KR_G_GM;;
Experte;Instandhaltungsmanagement_lesen;;KR_G_GM;;
Experte;Inventur_lesen;;KR_G_GM;;
Experte;Strukturdefintionen_lesen;;KR_G_GM;;
Experte;Tagwerke_lesen;;KR_G_GM;;
Experte;Technische_Auftraege_lesen;;KR_G_GM;;
Experte;Technische_Messwerte_lesen;;KR_G_GM;;
Experte;Turnustausch_lesen;;KR_G_GM;;
Experte;Geraete_Stammdaten_lesen;;KR_G_GM;;
Experte;Controlling_Dienste;;KR_G_GM;;
Experte;Controlling_Basis;;KR_G_GM;;
Experte;Process_Builder_Keyuser;;KR_G_GM;;
Experte;Process_Builder_Steuerung;;KR_G_GM;;
Experte;Aktivitaetenmanagement_Keyuser;;KR_G_GM;;
Experte;Beschwerdemanagement_Keyuser;;KR_G_GM;;
Experte;CRM_Schnittstelle;;KR_G_GM;;
Experte;Controlling_Hauptbuch;;KR_G_GM;;
Experte;Controlling_Kostenrechnung;;KR_G_GM;;
Experte;Controlling_Anlagenbuchhaltung;;KR_G_GM;;
Experte;Hauptbuch_Folgebuchungen_lesen;;KR_G_GM;;
Experte;Controlling_Debitoren;;KR_G_GM;;
Experte;Controlling_Kreditoren;;KR_G_GM;;
Experte;Controlling_Rechnungseingang;;KR_G_GM;;
Experte;Controlling_Beitragsmanagement;;KR_G_GM;;
Experte;Controlling_Geraetemanagement;;KR_G_GM;;
Experte;Controlling_Ablesung_und_Ablesesteuerung;;KR_G_GM;;
Experte;Controlling_Dezentrale_Anlagen;;KR_G_GM;;
Experte;Controlling_Auftragsmanagement;;KR_G_GM;;
Experte;Qualifikationsverfahren_lesen;;KR_G_GM;;
Experte;Gebuehrenerfassung_lesen;;KR_KP_GL;;
Experte;Aussetzung_Saeumnis_lesen;;KR_KP_GL;;
Experte;Vertragskonten_lesen;;KR_KP_GL;;
Experte;Sicherheitsleistung_lesen;;KR_KP_GL;;
Experte;Debitor_Ausbuchungen_EWB_lesen;;KR_KP_GL;;
Experte;Bankclearing_lesen;;KR_KP_GL;;
Experte;Ratenvereinbarungen_lesen;;KR_KP_GL;;
Experte;Sperrverwaltung_lesen;;KR_KP_GL;;
Experte;Kreditor_Auszifferung_lesen;;KR_KP_GL;;
Experte;Debitor_Auszifferung_lesen;;KR_KP_GL;;
Experte;Kreditor_Ausbuchungen_lesen;;KR_KP_GL;;
Experte;Debitor_Zahlungslaeufe_lesen;;KR_KP_GL;;
Experte;Debitor_Externe_Zahlungsdienstleister_lesen;;KR_KP_GL;;
Experte;Debitor_Kuendigungsmanagement_lesen;;KR_KP_GL;;
Experte;Kassenautomat_lesen;;KR_KP_GL;;
Experte;Kreditor_Zahlungslaeufe_lesen;;KR_KP_GL;;
Experte;Schnittstellen_gerichtliches_Mahnwesen_lesen;;KR_KP_GL;;
Experte;Mahnwesen_lesen;;KR_KP_GL;;
Experte;Kreditor_Offene_Posten_lesen;;KR_KP_GL;;
Experte;Debitor_Offene_Posten_lesen;;KR_KP_GL;;
Experte;Grosskunden_und_Tarifkundenabrechnung_lesen;;KR_KP_GL;;
Experte;Benutzeradministrator_lesen;;KR_KP_GL;;
Experte;Frontoffice_lesen;;KR_KP_GL;;
Experte;Anlagenbuchhaltung_lesen;;KR_KP_GL;;
Experte;Periodensaldenlaeufe_lesen;;KR_KP_GL;;
Experte;Forderungsuebergang_lesen;;KR_KP_GL;;
Experte;Parallele_Rechnungslegung_lesen;;KR_KP_GL;;
Experte;Hauptbuch_Kasse_lesen;;KR_KP_GL;;
Experte;Hauptbuch_Buchungsstammdaten_lesen;;KR_KP_GL;;
Experte;Hauptbuch_Buchungserfassung_lesen;;KR_KP_GL;;
Experte;Hauptbuch_Abrechnungszeitraeume_lesen;;KR_KP_GL;;
Experte;Hauptbuch_Betriebsstruktur_lesen;;KR_KP_GL;;
Experte;Hauptbuch_Sonderfunktionen_lesen;;KR_KP_GL;;
Experte;Umsatzsteuervoranmeldung_lesen;;KR_KP_GL;;
Experte;Buchhalterische_Schnittstellen_lesen;;KR_KP_GL;;
Experte;Hauptbuch_Berichtswesen_lesen;;KR_KP_GL;;
Kompakt;Auftragsmanagement;;KR_KP_GL;;
Experte;Controlling_Hauptbuch;;KR_KP_GL;;
Experte;Hauptbuch_Folgebuchungen_lesen;;KR_KP_GL;;
Experte;Gebuehrenerfassung_lesen;;KR_KP_KEY;;
Experte;Aussetzung_Saeumnis_lesen;;KR_KP_KEY;;
Experte;Vertragskonten_lesen;;KR_KP_KEY;;
Experte;Sicherheitsleistung_lesen;;KR_KP_KEY;;
Experte;Debitor_Ausbuchungen_EWB_lesen;;KR_KP_KEY;;
Experte;Bankclearing_lesen;;KR_KP_KEY;;
Experte;Ratenvereinbarungen_lesen;;KR_KP_KEY;;
Experte;Sperrverwaltung_lesen;;KR_KP_KEY;;
Experte;Kreditor_Auszifferung_lesen;;KR_KP_KEY;;
Experte;Debitor_Auszifferung_lesen;;KR_KP_KEY;;
Experte;Kreditor_Ausbuchungen_lesen;;KR_KP_KEY;;
Experte;Debitor_Zahlungslaeufe_lesen;;KR_KP_KEY;;
Experte;Debitor_Externe_Zahlungsdienstleister_lesen;;KR_KP_KEY;;
Experte;Debitor_Kuendigungsmanagement_lesen;;KR_KP_KEY;;
Experte;Kassenautomat_lesen;;KR_KP_KEY;;
Experte;Kreditor_Zahlungslaeufe_lesen;;KR_KP_KEY;;
Experte;Schnittstellen_gerichtliches_Mahnwesen_lesen;;KR_KP_KEY;;
Experte;Mahnwesen_lesen;;KR_KP_KEY;;
Experte;Kreditor_Offene_Posten_lesen;;KR_KP_KEY;;
Experte;Debitor_Offene_Posten_lesen;;KR_KP_KEY;;
Experte;Grosskunden_und_Tarifkundenabrechnung_lesen;;KR_KP_KEY;;
Experte;Frontoffice_lesen;;KR_KP_KEY;;
Experte;Anlagenbuchhaltung_lesen;;KR_KP_KEY;;
Experte;Periodensaldenlaeufe_lesen;;KR_KP_KEY;;
Experte;Forderungsuebergang_lesen;;KR_KP_KEY;;
Experte;Parallele_Rechnungslegung_lesen;;KR_KP_KEY;;
Experte;Hauptbuch_Kasse_lesen;;KR_KP_KEY;;
Experte;Hauptbuch_Buchungsstammdaten_lesen;;KR_KP_KEY;;
Experte;Hauptbuch_Buchungserfassung_lesen;;KR_KP_KEY;;
Experte;Hauptbuch_Abrechnungszeitraeume_lesen;;KR_KP_KEY;;
Experte;Hauptbuch_Betriebsstruktur_lesen;;KR_KP_KEY;;
Experte;Hauptbuch_Sonderfunktionen_lesen;;KR_KP_KEY;;
Experte;Umsatzsteuervoranmeldung_lesen;;KR_KP_KEY;;
Experte;Buchhalterische_Schnittstellen_lesen;;KR_KP_KEY;;
Experte;Hauptbuch_Berichtswesen_lesen;;KR_KP_KEY;;
Kompakt;Auftragsmanagement;;KR_KP_KEY;;
Experte;Controlling_Hauptbuch;;KR_KP_KEY;;
Experte;Hauptbuch_Folgebuchungen_lesen;;KR_KP_KEY;;
Experte;Rechnungseingang_lesen;;KR_KP_SB1;;
Experte;Gebuehrenerfassung_lesen;;KR_KP_SB1;;
Experte;Aussetzung_Saeumnis_lesen;;KR_KP_SB1;;
Experte;Vertragskonten_lesen;;KR_KP_SB1;;
Experte;Sicherheitsleistung_lesen;;KR_KP_SB1;;
Experte;Debitor_Ausbuchungen_EWB_lesen;;KR_KP_SB1;;
Experte;Bankclearing_lesen;;KR_KP_SB1;;
Experte;Ratenvereinbarungen_lesen;;KR_KP_SB1;;
Experte;Sperrverwaltung_lesen;;KR_KP_SB1;;
Experte;Kreditor_Auszifferung_lesen;;KR_KP_SB1;;
Experte;Debitor_Auszifferung_lesen;;KR_KP_SB1;;
Experte;Kreditor_Ausbuchungen_lesen;;KR_KP_SB1;;
Experte;Debitor_Zahlungslaeufe_lesen;;KR_KP_SB1;;
Experte;Debitor_Externe_Zahlungsdienstleister_lesen;;KR_KP_SB1;;
Experte;Debitor_Kuendigungsmanagement_lesen;;KR_KP_SB1;;
Experte;Kassenautomat_lesen;;KR_KP_SB1;;
Experte;Kreditor_Zahlungslaeufe_lesen;;KR_KP_SB1;;
Experte;Schnittstellen_gerichtliches_Mahnwesen_lesen;;KR_KP_SB1;;
Experte;Mahnwesen_lesen;;KR_KP_SB1;;
Experte;Kreditor_Offene_Posten_lesen;;KR_KP_SB1;;
Experte;Debitor_Offene_Posten_lesen;;KR_KP_SB1;;
Experte;Zaehlerstaende_und_Energiemengen;;KR_KP_SB1;;
Experte;Rechnungsdokumentendruck;;KR_KP_SB1;;
Experte;Simulationsrechnungen_und_Bilanzabgrenzung;;KR_KP_SB1;;
Experte;Umsatzstatistik;;KR_KP_SB1;;
Experte;Grosskunden_und_Tarifkundenabrechnung_lesen;;KR_KP_SB1;;
Experte;Verwaltungsstruktur_Organisationsstruktur_lesen;;KR_KP_SB1;;
Experte;Frontoffice_lesen;;KR_KP_SB1;;
Experte;Anlagenbuchhaltung_lesen;;KR_KP_SB1;;
Experte;Periodensaldenlaeufe_lesen;;KR_KP_SB1;;
Experte;Forderungsuebergang_lesen;;KR_KP_SB1;;
Experte;Parallele_Rechnungslegung_lesen;;KR_KP_SB1;;
Experte;Hauptbuch_Kasse_lesen;;KR_KP_SB1;;
Experte;Hauptbuch_Buchungsstammdaten_lesen;;KR_KP_SB1;;
Experte;Hauptbuch_Berichtswesen;;KR_KP_SB1;;
Experte;Hauptbuch_Buchungserfassung_lesen;;KR_KP_SB1;;
Experte;Hauptbuch_Abrechnungszeitraeume_lesen;;KR_KP_SB1;;
Experte;Hauptbuch_Betriebsstruktur_lesen;;KR_KP_SB1;;
Experte;Hauptbuch_Sonderfunktionen_lesen;;KR_KP_SB1;;
Experte;Umsatzsteuervoranmeldung_lesen;;KR_KP_SB1;;
Experte;Buchhalterische_Schnittstellen_lesen;;KR_KP_SB1;;
Experte;Auftrag_Verwaltung_lesen;;KR_KP_SB1;;
Experte;Eichung_Stichproben_lesen;;KR_KP_SB1;;
Experte;Geraete_Bearbeitung_lesen;;KR_KP_SB1;;
Experte;Geraete_Bewegungen_lesen;;KR_KP_SB1;;
Experte;Geraete_Strukturen_lesen;;KR_KP_SB1;;
Experte;Tagwerke_lesen;;KR_KP_SB1;;
Experte;Technische_Messwerte_lesen;;KR_KP_SB1;;
Experte;Turnustausch_lesen;;KR_KP_SB1;;
Experte;Geraete_Stammdaten_lesen;;KR_KP_SB1;;
Experte;Controlling_Hauptbuch;;KR_KP_SB1;;
Experte;Hauptbuch_Folgebuchungen_lesen;;KR_KP_SB1;;
Experte;Controlling_Ablesung_und_Ablesesteuerung;;KR_KP_SB1;;
Experte;Controlling_Dezentrale_Anlagen;;KR_KP_SB1;;
Experte;Qualifikationsverfahren_lesen;;KR_KP_SB1;;
Experte;Rechnungseingang_Keyuser;;KR_KRB_GL;;
Experte;Gebuehrenerfassung_Keyuser;;KR_KRB_GL;;
Experte;Debitor_Ausbuchungen_EWB_Keyuser;;KR_KRB_GL;;
Experte;Bankclearing_Keyuser;;KR_KRB_GL;;
Experte;Ratenvereinbarungen_lesen;;KR_KRB_GL;;
Experte;Kreditor_Auszifferung_Keyuser;;KR_KRB_GL;;
Experte;Debitor_Auszifferung_Keyuser;;KR_KRB_GL;;
Experte;Kreditor_Ausbuchungen_Keyuser;;KR_KRB_GL;;
Experte;Kreditor_Offene_Posten_Keyuser;;KR_KRB_GL;;
Experte;Debitor_Offene_Posten_Keyuser;;KR_KRB_GL;;
Experte;Debitor_Zahlungslaeufe_Keyuser;;KR_KRB_GL;;
Experte;Kreditor_Zahlungslaeufe_Keyuser;;KR_KRB_GL;;
Experte;Mahnwesen_lesen;;KR_KRB_GL;;
Experte;Umsatzstatistik;;KR_KRB_GL;;
Experte;Benutzeradministrator_lesen;;KR_KRB_GL;;
Experte;Dokumentenadministrator _lesen;;KR_KRB_GL;;
Experte;Frontoffice_lesen;;KR_KRB_GL;;
Experte;Kostenrechnung_lesen;;KR_KRB_GL;;
Experte;Periodensaldenlaeufe_lesen;;KR_KRB_GL;;
Experte;Buchhalterische_Schnittstellen_Keyuser;;KR_KRB_GL;;
Experte;Hauptbuch_Berichtswesen_Keyuser;;KR_KRB_GL;;
Experte;Hauptbuch_Kasse_Keyuser;;KR_KRB_GL;;
Experte;Hauptbuch_Abrechnungszeitraeume_Keyuser;;KR_KRB_GL;;
Experte;Hauptbuch_Buchungsstammdaten_Keyuser;;KR_KRB_GL;;
Experte;Hauptbuch_Buchungserfassung_Keyuser;;KR_KRB_GL;;
Experte;Hauptbuch_Betriebsstruktur_Keyuser;;KR_KRB_GL;;
Experte;Umsatzsteuervoranmeldung_Keyuser;;KR_KRB_GL;;
Experte;Belege_buchen_Keyuser;;KR_KRB_GL;;
Experte;Auftrag_Buchungen_Keyuser;;KR_KRB_GL;;
Experte;Auftrag_Informationen;;KR_KRB_GL;;
Experte;Auftrag_Belegwesen;;KR_KRB_GL;;
Experte;Auftrag_Arbeit_lesen;;KR_KRB_GL;;
Experte;Auftrag_Buchungen;;KR_KRB_GL;;
Experte;Inventur_lesen;;KR_KRB_GL;;
Experte;Controlling_Basis;;KR_KRB_GL;;
Experte;Batchjob_Keyuser;;KR_KRB_GL;;
Experte;DSGVO_Verantwortung;;KR_KRB_GL;;
Experte;Frontoffice_Tarifkunden_KD;;KR_KRB_GL;;
Experte;Controlling_Hauptbuch;;KR_KRB_GL;;
Experte;Controlling_Anlagenbuchhaltung;;KR_KRB_GL;;
Experte;Controlling_Debitoren;;KR_KRB_GL;;
Experte;Controlling_Kreditoren;;KR_KRB_GL;;
Experte;Controlling_Rechnungseingang;;KR_KRB_GL;;
Experte;Controlling_Auftragsmanagement;;KR_KRB_GL;;
Experte;Rechnungseingang_buchen;;KR_KRB_SB1;;
Experte;Gebuehrenerfassung_buchen;;KR_KRB_SB1;;
Experte;Debitor_Ausbuchungen_EWB_buchen;;KR_KRB_SB1;;
Experte;Bankclearing_Keyuser;;KR_KRB_SB1;;
Experte;Ratenvereinbarungen_Keyuser;;KR_KRB_SB1;;
Experte;Debitor_Auszifferung;;KR_KRB_SB1;;
Experte;Kreditor_Auszifferung_lesen;;KR_KRB_SB1;;
Experte;Kreditor_Ausbuchungen_erfassen;;KR_KRB_SB1;;
Experte;Debitor_Zahlungslaeufe_Keyuser;;KR_KRB_SB1;;
Experte;Kreditor_Zahlungslaeufe_Keyuser;;KR_KRB_SB1;;
Experte;Mahnwesen_lesen;;KR_KRB_SB1;;
Experte;Kreditor_Offene_Posten;;KR_KRB_SB1;;
Experte;Debitor_Offene_Posten;;KR_KRB_SB1;;
Experte;Frontoffice_lesen;;KR_KRB_SB1;;
Experte;Anlagenbuchhaltung_Keyuser;;KR_KRB_SB1;;
Experte;Kostenrechnung_lesen;;KR_KRB_SB1;;
Experte;Periodensaldenlaeufe_lesen;;KR_KRB_SB1;;
Experte;Buchhalterische_Schnittstellen;;KR_KRB_SB1;;
Experte;Hauptbuch_Abrechnungszeitraeume_Keyuser;;KR_KRB_SB1;;
Experte;Hauptbuch_Buchungsstammdaten_Keyuser;;KR_KRB_SB1;;
Experte;Hauptbuch_Buchungserfassung_Keyuser;;KR_KRB_SB1;;
Experte;Hauptbuch_Buchungsstammdaten_lesen;;KR_KRB_SB1;;
Experte;Hauptbuch_Berichtswesen;;KR_KRB_SB1;;
Experte;Hauptbuch_Buchungserfassung_buchen;;KR_KRB_SB1;;
Experte;Hauptbuch_Betriebsstruktur_lesen;;KR_KRB_SB1;;
Experte;Umsatzsteuervoranmeldung;;KR_KRB_SB1;;
Experte;Belege_buchen_Keyuser;;KR_KRB_SB1;;
Experte;Auftrag_Informationen;;KR_KRB_SB1;;
Experte;Auftrag_Belegwesen;;KR_KRB_SB1;;
Experte;Auftrag_Buchungen;;KR_KRB_SB1;;
Experte;Inventur_lesen;;KR_KRB_SB1;;
Experte;Frontoffice_Tarifkunden_KD;;KR_KRB_SB1;;
Experte;Controlling_Hauptbuch;;KR_KRB_SB1;;
Experte;Controlling_Anlagenbuchhaltung;;KR_KRB_SB1;;
Experte;Controlling_Debitoren;;KR_KRB_SB1;;
Experte;Controlling_Kreditoren;;KR_KRB_SB1;;
Experte;Controlling_Rechnungseingang;;KR_KRB_SB1;;
Experte;Controlling_Auftragsmanagement;;KR_KRB_SB1;;
Experte;Rechnungseingang_buchen;;KR_KRB_SB2;;
Experte;Gebuehrenerfassung_buchen;;KR_KRB_SB2;;
Experte;Debitor_Ausbuchungen_EWB_buchen;;KR_KRB_SB2;;
Experte;Bankclearing_Keyuser;;KR_KRB_SB2;;
Experte;Ratenvereinbarungen_Keyuser;;KR_KRB_SB2;;
Experte;Kreditor_Auszifferung;;KR_KRB_SB2;;
Experte;Debitor_Auszifferung;;KR_KRB_SB2;;
Experte;Kreditor_Ausbuchungen_buchen;;KR_KRB_SB2;;
Experte;Debitor_Zahlungslaeufe_Keyuser;;KR_KRB_SB2;;
Experte;Kreditor_Zahlungslaeufe_Keyuser;;KR_KRB_SB2;;
Experte;Mahnwesen_Keyuser;;KR_KRB_SB2;;
Experte;Kreditor_Offene_Posten;;KR_KRB_SB2;;
Experte;Debitor_Offene_Posten;;KR_KRB_SB2;;
Experte;Frontoffice_lesen;;KR_KRB_SB2;;
Experte;Anlagenbuchhaltung_lesen;;KR_KRB_SB2;;
Experte;Kostenrechnung_lesen;;KR_KRB_SB2;;
Experte;Periodensaldenlaeufe_lesen;;KR_KRB_SB2;;
Experte;Buchhalterische_Schnittstellen;;KR_KRB_SB2;;
Experte;Hauptbuch_Kasse_Keyuser;;KR_KRB_SB2;;
Experte;Hauptbuch_Buchungsstammdaten_lesen;;KR_KRB_SB2;;
Experte;Hauptbuch_Berichtswesen;;KR_KRB_SB2;;
Experte;Hauptbuch_Buchungserfassung_buchen;;KR_KRB_SB2;;
Experte;Hauptbuch_Abrechnungszeitraeume_lesen;;KR_KRB_SB2;;
Experte;Hauptbuch_Betriebsstruktur_lesen;;KR_KRB_SB2;;
Experte;Umsatzsteuervoranmeldung;;KR_KRB_SB2;;
Experte;Auftrag_Informationen;;KR_KRB_SB2;;
Experte;Auftrag_Belegwesen;;KR_KRB_SB2;;
Experte;Auftrag_Buchungen;;KR_KRB_SB2;;
Experte;Inventur_lesen;;KR_KRB_SB2;;
Experte;Batchjob_Keyuser;;KR_KRB_SB2;;
Experte;Frontoffice_Tarifkunden_KD;;KR_KRB_SB2;;
Experte;Controlling_Hauptbuch;;KR_KRB_SB2;;
Experte;Controlling_Debitoren;;KR_KRB_SB2;;
Experte;Controlling_Kreditoren;;KR_KRB_SB2;;
Experte;Controlling_Rechnungseingang;;KR_KRB_SB2;;
Experte;Rechnungseingang_buchen;;KR_KRK_GL;;
Experte;Rechnungseingang_Keyuser;;KR_KRK_GL;;
Experte;Debitor_Ausbuchungen_EWB_erfassen;;KR_KRK_GL;;
Experte;Ratenvereinbarungen_lesen;;KR_KRK_GL;;
Experte;Kreditor_Auszifferung_Keyuser;;KR_KRK_GL;;
Experte;Debitor_Auszifferung_Keyuser;;KR_KRK_GL;;
Experte;Kreditor_Auszifferung;;KR_KRK_GL;;
Experte;Kreditor_Ausbuchungen_Keyuser;;KR_KRK_GL;;
Experte;Kreditor_Offene_Posten_Keyuser;;KR_KRK_GL;;
Experte;Debitor_Offene_Posten_Keyuser;;KR_KRK_GL;;
Experte;Debitor_Zahlungslaeufe_lesen;;KR_KRK_GL;;
Experte;Mahnwesen_Keyuser;;KR_KRK_GL;;
Experte;Grundstueckskataster _lesen;;KR_KRK_GL;;
Experte;Dokumentenarchivadministrator_lesen;;KR_KRK_GL;;
Experte;Benutzeradministrator_lesen;;KR_KRK_GL;;
Experte;Verwaltungsstruktur_Organisationsstruktur_lesen;;KR_KRK_GL;;
Experte;Dokumentenadministrator;;KR_KRK_GL;;
Experte;Hauptbuch_Abrechnungszeitraeume_Keyuser;;KR_KRK_GL;;
Experte;Hauptbuch_Buchungserfassung_buchen;;KR_KRK_GL;;
Experte;Hauptbuch_Betriebsstruktur_lesen;;KR_KRK_GL;;
Experte;Hauptbuch_Berichtswesen_lesen;;KR_KRK_GL;;
Experte;Belege_buchen_Keyuser;;KR_KRK_GL;;
Experte;Auftrag_Arbeit_Keyuser;;KR_KRK_GL;;
Experte;Arbeitszeiterfassung;;KR_KRK_GL;;
Experte;Auftrag_Belegwesen_Keyuser;;KR_KRK_GL;;
Experte;Auftrag_Buchungen_Keyuser;;KR_KRK_GL;;
Experte;Auftrag_Artikel_Lager_Keyuser;;KR_KRK_GL;;
Experte;Auftrag_Verwaltung_Keyuser;;KR_KRK_GL;;
Experte;Auftrag_Maschinen_Keyuser;;KR_KRK_GL;;
Experte;Strukturdefintionen_Keyuser;;KR_KRK_GL;;
Experte;Auftrag_Schnittstellen;;KR_KRK_GL;;
Experte;Auftrag_Informationen;;KR_KRK_GL;;
Experte;Controlling_Debitoren;;KR_KRK_GL;;
Experte;Controlling_Kreditoren;;KR_KRK_GL;;
Experte;Controlling_Rechnungseingang;;KR_KRK_GL;;
Experte;Controlling_Auftragsmanagement;;KR_KRK_GL;;
Experte;Debitor_Ausbuchungen_EWB_erfassen;;KR_KRK_SB1;;
Experte;Ratenvereinbarungen_buchen;;KR_KRK_SB1;;
Experte;Debitor_Auszifferung;;KR_KRK_SB1;;
Experte;Mahnwesen;;KR_KRK_SB1;;
Experte;Debitor_Offene_Posten;;KR_KRK_SB1;;
Experte;Belege_buchen_Keyuser;;KR_KRK_SB1;;
Experte;Arbeitszeiterfassung;;KR_KRK_SB1;;
Experte;Auftrag_Informationen;;KR_KRK_SB1;;
Experte;Auftrag_Verwaltung;;KR_KRK_SB1;;
Experte;Auftrag_Belegwesen;;KR_KRK_SB1;;
Experte;Auftrag_Buchungen;;KR_KRK_SB1;;
Experte;Frontoffice_Tarifkunden_KD;;KR_KRK_SB1;;
Experte;Rechnungseingang_buchen;;KR_KRK_SB2;;
Experte;Debitor_Ausbuchungen_EWB_erfassen;;KR_KRK_SB2;;
Experte;Ratenvereinbarungen_buchen;;KR_KRK_SB2;;
Experte;Kreditor_Auszifferung;;KR_KRK_SB2;;
Experte;Debitor_Auszifferung;;KR_KRK_SB2;;
Experte;Kreditor_Auszifferung_lesen;;KR_KRK_SB2;;
Experte;Debitor_Auszifferung_lesen;;KR_KRK_SB2;;
Experte;Kreditor_Ausbuchungen_erfassen;;KR_KRK_SB2;;
Experte;Kreditor_Zahlungslaeufe_erfassen;;KR_KRK_SB2;;
Experte;Mahnwesen;;KR_KRK_SB2;;
Experte;Kreditor_Offene_Posten;;KR_KRK_SB2;;
Experte;Debitor_Offene_Posten;;KR_KRK_SB2;;
Experte;Hauptbuch_Buchungserfassung_buchen;;KR_KRK_SB2;;
Experte;Hauptbuch_Betriebsstruktur_lesen;;KR_KRK_SB2;;
Experte;Hauptbuch_Berichtswesen_lesen;;KR_KRK_SB2;;
Experte;Belege_buchen_Keyuser;;KR_KRK_SB2;;
Experte;Arbeitszeiterfassung;;KR_KRK_SB2;;
Experte;Auftrag_Informationen;;KR_KRK_SB2;;
Experte;Auftrag_Verwaltung;;KR_KRK_SB2;;
Experte;Auftrag_Belegwesen;;KR_KRK_SB2;;
Experte;Auftrag_Buchungen;;KR_KRK_SB2;;
Experte;Frontoffice_Tarifkunden_KD;;KR_KRK_SB2;;
Experte;Rechnungseingang_buchen;;KR_KRK_SB3;;
Experte;Kreditor_Auszifferung_lesen;;KR_KRK_SB3;;
Experte;Kreditor_Ausbuchungen_erfassen;;KR_KRK_SB3;;
Experte;Kreditor_Zahlungslaeufe_erfassen;;KR_KRK_SB3;;
Experte;Kreditor_Offene_Posten;;KR_KRK_SB3;;
Experte;Rechnungseingang_lesen;;KR_KRK_SB4;;
Experte;Debitor_Ausbuchungen_EWB_erfassen;;KR_KRK_SB4;;
Experte;Ratenvereinbarungen_buchen;;KR_KRK_SB4;;
Experte;Kreditor_Auszifferung;;KR_KRK_SB4;;
Experte;Debitor_Auszifferung;;KR_KRK_SB4;;
Experte;Debitor_Auszifferung_lesen;;KR_KRK_SB4;;
Experte;Debitor_Offene_Posten_Keyuser;;KR_KRK_SB4;;
Experte;Mahnwesen_Keyuser;;KR_KRK_SB4;;
Experte;Kreditor_Offene_Posten_lesen;;KR_KRK_SB4;;
Experte;Grundstueckskataster _lesen;;KR_KRK_SB4;;
Experte;Dokumentenarchivadministrator_lesen;;KR_KRK_SB4;;
Experte;Verwaltungsstruktur_Organisationsstruktur_lesen;;KR_KRK_SB4;;
Experte;Dokumentenadministrator;;KR_KRK_SB4;;
Experte;Hauptbuch_Buchungserfassung_buchen;;KR_KRK_SB4;;
Experte;Hauptbuch_Betriebsstruktur_lesen;;KR_KRK_SB4;;
Experte;Hauptbuch_Berichtswesen_lesen;;KR_KRK_SB4;;
Experte;Belege_buchen_Keyuser;;KR_KRK_SB4;;
Experte;Auftrag_Arbeit_Keyuser;;KR_KRK_SB4;;
Experte;Arbeitszeiterfassung;;KR_KRK_SB4;;
Experte;Auftrag_Belegwesen_Keyuser;;KR_KRK_SB4;;
Experte;Auftrag_Buchungen_Keyuser;;KR_KRK_SB4;;
Experte;Auftrag_Artikel_Lager_Keyuser;;KR_KRK_SB4;;
Experte;Auftrag_Verwaltung_Keyuser;;KR_KRK_SB4;;
Experte;Auftrag_Maschinen_Keyuser;;KR_KRK_SB4;;
Experte;Strukturdefintionen_Keyuser;;KR_KRK_SB4;;
Experte;Auftrag_Schnittstellen;;KR_KRK_SB4;;
Experte;Auftrag_Informationen;;KR_KRK_SB4;;
Experte;Frontoffice_Tarifkunden_KD;;KR_KRK_SB4;;
Experte;Controlling_Debitoren;;KR_KRK_SB4;;
Experte;Controlling_Auftragsmanagement;;KR_KRK_SB4;;
Experte;Rechnungseingang_Keyuser;;KR_KR_AL;;
Experte;Gebuehrenerfassung_Keyuser;;KR_KR_AL;;
Experte;Debitor_Ausbuchungen_EWB_Keyuser;;KR_KR_AL;;
Experte;Bankclearing_Keyuser;;KR_KR_AL;;
Experte;Ratenvereinbarungen_lesen;;KR_KR_AL;;
Experte;Kreditor_Auszifferung_Keyuser;;KR_KR_AL;;
Experte;Debitor_Auszifferung_Keyuser;;KR_KR_AL;;
Experte;Kreditor_Ausbuchungen_Keyuser;;KR_KR_AL;;
Experte;Kreditor_Offene_Posten_Keyuser;;KR_KR_AL;;
Experte;Debitor_Offene_Posten_Keyuser;;KR_KR_AL;;
Experte;Debitor_Zahlungslaeufe_Keyuser;;KR_KR_AL;;
Experte;Kreditor_Zahlungslaeufe_Keyuser;;KR_KR_AL;;
Experte;Mahnwesen_Keyuser;;KR_KR_AL;;
Experte;Umsatzstatistik;;KR_KR_AL;;
Experte;Grundstueckskataster _lesen;;KR_KR_AL;;
Experte;Benutzeradministrator_lesen;;KR_KR_AL;;
Experte;Dokumentenadministrator;;KR_KR_AL;;
Experte;Frontoffice_lesen;;KR_KR_AL;;
Experte;Kostenrechnung_lesen;;KR_KR_AL;;
Experte;Periodensaldenlaeufe_lesen;;KR_KR_AL;;
Experte;Buchhalterische_Schnittstellen_Keyuser;;KR_KR_AL;;
Experte;Hauptbuch_Berichtswesen_Keyuser;;KR_KR_AL;;
Experte;Hauptbuch_Kasse_Keyuser;;KR_KR_AL;;
Experte;Hauptbuch_Abrechnungszeitraeume_Keyuser;;KR_KR_AL;;
Experte;Hauptbuch_Buchungsstammdaten_Keyuser;;KR_KR_AL;;
Experte;Hauptbuch_Buchungserfassung_Keyuser;;KR_KR_AL;;
Experte;Hauptbuch_Betriebsstruktur_Keyuser;;KR_KR_AL;;
Experte;Umsatzsteuervoranmeldung_Keyuser;;KR_KR_AL;;
Experte;Belege_buchen_Keyuser;;KR_KR_AL;;
Experte;Auftrag_Arbeit_Keyuser;;KR_KR_AL;;
Experte;Arbeitszeiterfassung;;KR_KR_AL;;
Experte;Auftrag_Belegwesen_Keyuser;;KR_KR_AL;;
Experte;Auftrag_Buchungen_Keyuser;;KR_KR_AL;;
Experte;Auftrag_Artikel_Lager_Keyuser;;KR_KR_AL;;
Experte;Auftrag_Verwaltung_Keyuser;;KR_KR_AL;;
Experte;Auftrag_Maschinen_Keyuser;;KR_KR_AL;;
Experte;Strukturdefintionen_Keyuser;;KR_KR_AL;;
Experte;Auftrag_Schnittstellen;;KR_KR_AL;;
Experte;Auftrag_Informationen;;KR_KR_AL;;
Experte;Inventur_lesen;;KR_KR_AL;;
Experte;Controlling_Basis;;KR_KR_AL;;
Experte;Batchjob_Keyuser;;KR_KR_AL;;
Experte;DSGVO_Verantwortung;;KR_KR_AL;;
Experte;Controlling_Hauptbuch;;KR_KR_AL;;
Experte;Controlling_Anlagenbuchhaltung;;KR_KR_AL;;
Experte;Controlling_Debitoren;;KR_KR_AL;;
Experte;Controlling_Kreditoren;;KR_KR_AL;;
Experte;Controlling_Rechnungseingang;;KR_KR_AL;;
Experte;Controlling_Auftragsmanagement;;KR_KR_AL;;
Experte;Aussetzung_Saeumnis_Keyuser;;KR_KVA_GL;;
Experte;Bankclearing_Keyuser;;KR_KVA_GL;;
Experte;Ratenvereinbarungen_Keyuser;;KR_KVA_GL;;
Experte;Debitor_Zahlungslaeufe_Keyuser;;KR_KVA_GL;;
Experte;Debitor_Externe_Zahlungsdienstleister_Keyuser;;KR_KVA_GL;;
Experte;Mahnwesen_Keyuser;;KR_KVA_GL;;
Experte;Beitragsmanagement_lesen;;KR_KVA_GL;;
Experte;Abschlagsrechnungen;;KR_KVA_GL;;
Experte;Tarifkundenrechnungen;;KR_KVA_GL;;
Standard;Abrechnungsdokumentendruck;;KR_KVA_GL;;
Experte;Kostenverteilrechnung_Abrechnungsvorbereitung;;KR_KVA_GL;;
Standard;Umsatzstatistik_Simulation_BAG_Konzession;;KR_KVA_GL;;
Experte;Verbrauchsabrechnungsstorno;;KR_KVA_GL;;
Experte;Controlling_Grosskunden_und_Tarifkundenabrechnung;;KR_KVA_GL;;
Experte;Verwaltungsstruktur_Organisationsstruktur;;KR_KVA_GL;;
Experte;Grundstueckskataster _lesen;;KR_KVA_GL;;
Experte;Posteingang_lesen;;KR_KVA_GL;;
Experte;Dokumentenarchivadministrator_lesen;;KR_KVA_GL;;
Experte;Anwendungsadministrator_lesen;;KR_KVA_GL;;
Experte;Benutzeradministrator_lesen;;KR_KVA_GL;;
Experte;Dokumentenadministrator;;KR_KVA_GL;;
Kompakt;CRM;;KR_KVA_GL;;
Standard;Servicemitarbeiter_Tarifkunden;;KR_KVA_GL;;
Experte;Periodensaldenlaeufe_Keyuser;;KR_KVA_GL;;
Experte;Hauptbuch_Abrechnungszeitraeume_Keyuser;;KR_KVA_GL;;
Experte;Hauptbuch_Buchungsstammdaten_Keyuser;;KR_KVA_GL;;
Experte;Hauptbuch_Buchungserfassung_Keyuser;;KR_KVA_GL;;
Experte;Hauptbuch_Buchungserfassung_buchen;;KR_KVA_GL;;
Experte;Hauptbuch_Betriebsstruktur_Keyuser;;KR_KVA_GL;;
Standard;Debitor_Offene_Posten_Management_Keyuser;;KR_KVA_GL;;
Experte;Turnustausch;;KR_KVA_GL;;
Experte;Geraete_Bewegungen_Keyuser;;KR_KVA_GL;;
Standard;Ablesung_technische_und_kaufmaennische_Messwerte_Keyuser;;KR_KVA_GL;;
Standard;Geraete_Bearbeitung_Keyuser;;KR_KVA_GL;;
Experte;Eichung_Stichproben_lesen;;KR_KVA_GL;;
Experte;Tarifkundentarife_ohne_Netzentgeltdatenbank;;KR_KVA_GL;;
Experte;Grosskunden_und_Tarifkundenabrechnung_ohne_Netzentgeltdatenbank_Keyuser;;KR_KVA_GL;;
Experte;Controlling_Basis;;KR_KVA_GL;;
Experte;Batchjob_Keyuser;;KR_KVA_GL;;
Kompakt;Frontoffice_Tarifkunden_Keyuser;;KR_KVA_GL;;
Experte;Controlling_Hauptbuch;;KR_KVA_GL;;
Experte;Controlling_Kostenrechnung;;KR_KVA_GL;;
Experte;Controlling_Beitragsmanagement;;KR_KVA_GL;;
Experte;Controlling_Einkaufsmanagement;;KR_KVA_GL;;
Experte;Controlling_Geraetemanagement;;KR_KVA_GL;;
Experte;Controlling_Dezentrale_Anlagen;;KR_KVA_GL;;
Experte;Qualifikationsverfahren_lesen;;KR_KVA_GL;;
Experte;Gebuehrenerfassung_lesen;;KR_KVA_KEY;;
Experte;Aussetzung_Saeumnis_lesen;;KR_KVA_KEY;;
Experte;Vertragskonten_lesen;;KR_KVA_KEY;;
Experte;Debitor_Ausbuchungen_EWB_lesen;;KR_KVA_KEY;;
Experte;Bankclearing_lesen;;KR_KVA_KEY;;
Experte;Ratenvereinbarungen_lesen;;KR_KVA_KEY;;
Experte;Debitor_Auszifferung;;KR_KVA_KEY;;
Experte;Debitor_Zahlungslaeufe_lesen;;KR_KVA_KEY;;
Experte;Debitor_Externe_Zahlungsdienstleister_lesen;;KR_KVA_KEY;;
Experte;Mahnwesen_lesen;;KR_KVA_KEY;;
Experte;Debitor_Offene_Posten_lesen;;KR_KVA_KEY;;
Experte;Energiedatenmanagement_Keyuser;;KR_KVA_KEY;;
Experte;Abschlagsrechnungen;;KR_KVA_KEY;;
Experte;Einspeisung_Keyuser;;KR_KVA_KEY;;
Experte;Tarifkundenrechnungen;;KR_KVA_KEY;;
Standard;Abrechnungsdokumentendruck;;KR_KVA_KEY;;
Experte;Kostenverteilrechnung_Abrechnungsvorbereitung;;KR_KVA_KEY;;
Standard;Umsatzstatistik_Simulation_BAG_Konzession;;KR_KVA_KEY;;
Experte;Verbrauchsabrechnungsstorno;;KR_KVA_KEY;;
Experte;Controlling_Grosskunden_und_Tarifkundenabrechnung;;KR_KVA_KEY;;
Experte;Verwaltungsstruktur_Organisationsstruktur;;KR_KVA_KEY;;
Experte;Posteingang_lesen;;KR_KVA_KEY;;
Experte;Dokumentenarchivadministrator_lesen;;KR_KVA_KEY;;
Experte;Anwendungsadministrator_lesen;;KR_KVA_KEY;;
Experte;Benutzeradministrator_lesen;;KR_KVA_KEY;;
Experte;Dokumentenadministrator;;KR_KVA_KEY;;
Kompakt;CRM;;KR_KVA_KEY;;
Standard;Servicemitarbeiter_Tarifkunden;;KR_KVA_KEY;;
Experte;Periodensaldenlaeufe_Keyuser;;KR_KVA_KEY;;
Experte;Hauptbuch_Abrechnungszeitraeume_Keyuser;;KR_KVA_KEY;;
Experte;Hauptbuch_Buchungsstammdaten_Keyuser;;KR_KVA_KEY;;
Experte;Hauptbuch_Buchungserfassung_Keyuser;;KR_KVA_KEY;;
Experte;Hauptbuch_Buchungserfassung_buchen;;KR_KVA_KEY;;
Experte;Hauptbuch_Betriebsstruktur_Keyuser;;KR_KVA_KEY;;
Experte;Hauptbuch_Berichtswesen_lesen;;KR_KVA_KEY;;
Experte;Turnustausch;;KR_KVA_KEY;;
Experte;Geraete_Bewegungen_Keyuser;;KR_KVA_KEY;;
Kompakt;Ablesung_Ablesesteuerung;;KR_KVA_KEY;;
Standard;Geraete_Bearbeitung_Keyuser;;KR_KVA_KEY;;
Experte;Eichung_Stichproben_lesen;;KR_KVA_KEY;;
Experte;Tarifkundentarife_ohne_Netzentgeltdatenbank;;KR_KVA_KEY;;
Experte;Grosskunden_und_Tarifkundenabrechnung_ohne_Netzentgeltdatenbank_Keyuser;;KR_KVA_KEY;;
Experte;Controlling_Basis;;KR_KVA_KEY;;
Experte;Batchjob_Keyuser;;KR_KVA_KEY;;
Kompakt;Frontoffice_Tarifkunden_Keyuser;;KR_KVA_KEY;;
Experte;Controlling_Hauptbuch;;KR_KVA_KEY;;
Experte;Controlling_Kostenrechnung;;KR_KVA_KEY;;
Experte;Controlling_Debitoren;;KR_KVA_KEY;;
Experte;Controlling_Geraetemanagement;;KR_KVA_KEY;;
Experte;Controlling_Dezentrale_Anlagen;;KR_KVA_KEY;;
Experte;Qualifikationsverfahren_lesen;;KR_KVA_KEY;;
Experte;Gebuehrenerfassung_lesen;;KR_KVA_SB_A1;;
Experte;Aussetzung_Saeumnis_lesen;;KR_KVA_SB_A1;;
Experte;Vertragskonten_lesen;;KR_KVA_SB_A1;;
Experte;Debitor_Ausbuchungen_EWB_lesen;;KR_KVA_SB_A1;;
Experte;Bankclearing_lesen;;KR_KVA_SB_A1;;
Experte;Ratenvereinbarungen_lesen;;KR_KVA_SB_A1;;
Experte;Debitor_Auszifferung;;KR_KVA_SB_A1;;
Experte;Debitor_Zahlungslaeufe_lesen;;KR_KVA_SB_A1;;
Experte;Debitor_Externe_Zahlungsdienstleister_lesen;;KR_KVA_SB_A1;;
Experte;Mahnwesen_lesen;;KR_KVA_SB_A1;;
Experte;Debitor_Offene_Posten_lesen;;KR_KVA_SB_A1;;
Experte;Abschlagsrechnungen;;KR_KVA_SB_A1;;
Experte;Tarifkundenrechnungen;;KR_KVA_SB_A1;;
Standard;Abrechnungsdokumentendruck;;KR_KVA_SB_A1;;
Standard;Umsatzstatistik_Simulation_BAG_Konzession;;KR_KVA_SB_A1;;
Experte;Verbrauchsabrechnungsstorno;;KR_KVA_SB_A1;;
Experte;Controlling_Grosskunden_und_Tarifkundenabrechnung;;KR_KVA_SB_A1;;
Experte;Posteingang_lesen;;KR_KVA_SB_A1;;
Experte;Dokumentenadministrator;;KR_KVA_SB_A1;;
Standard;Servicemitarbeiter_Tarifkunden;;KR_KVA_SB_A1;;
Experte;Vertragsmanagement_lesen;;KR_KVA_SB_A1;;
Experte;CRM_lesen;;KR_KVA_SB_A1;;
Experte;Controlling_CRM;;KR_KVA_SB_A1;;
Experte;Controlling_Kundendaten;;KR_KVA_SB_A1;;
Experte;Controlling_Vertragsmanagement;;KR_KVA_SB_A1;;
Experte;Periodensaldenlaeufe_Keyuser;;KR_KVA_SB_A1;;
Experte;Hauptbuch_Abrechnungszeitraeume_Keyuser;;KR_KVA_SB_A1;;
Experte;Hauptbuch_Buchungsstammdaten_Keyuser;;KR_KVA_SB_A1;;
Experte;Hauptbuch_Buchungserfassung_buchen;;KR_KVA_SB_A1;;
Experte;Hauptbuch_Betriebsstruktur_Keyuser;;KR_KVA_SB_A1;;
Experte;Hauptbuch_Berichtswesen_lesen;;KR_KVA_SB_A1;;
Experte;Turnustausch;;KR_KVA_SB_A1;;
Experte;Eichung_Stichproben_lesen;;KR_KVA_SB_A1;;
Experte;Geraete_Bearbeitung_lesen;;KR_KVA_SB_A1;;
Experte;Geraete_Bewegungen_lesen;;KR_KVA_SB_A1;;
Experte;Technische_Messwerte_lesen;;KR_KVA_SB_A1;;
Experte;Geraete_Stammdaten_lesen;;KR_KVA_SB_A1;;
Experte;Grosskunden_und_Tarifkundenabrechnung_ohne_Netzentgeltdatenbank_Keyuser;;KR_KVA_SB_A1;;
Experte;Controlling_Basis;;KR_KVA_SB_A1;;
Experte;Batchjob_Keyuser;;KR_KVA_SB_A1;;
Experte;Aktivitaetenmanagement;;KR_KVA_SB_A1;;
Experte;Controlling_Hauptbuch;;KR_KVA_SB_A1;;
Experte;Controlling_Kostenrechnung;;KR_KVA_SB_A1;;
Experte;Controlling_Debitoren;;KR_KVA_SB_A1;;
Experte;Controlling_Geraetemanagement;;KR_KVA_SB_A1;;
Experte;Controlling_Ablesung_und_Ablesesteuerung;;KR_KVA_SB_A1;;
Experte;Controlling_Dezentrale_Anlagen;;KR_KVA_SB_A1;;
Experte;Geraete_einbauen;;KR_KVA_SB_A1;;
Experte;Gebuehrenerfassung_lesen;;KR_KVA_SB_A2;;
Experte;Aussetzung_Saeumnis_lesen;;KR_KVA_SB_A2;;
Experte;Vertragskonten_lesen;;KR_KVA_SB_A2;;
Experte;Debitor_Ausbuchungen_EWB_lesen;;KR_KVA_SB_A2;;
Experte;Bankclearing_lesen;;KR_KVA_SB_A2;;
Experte;Ratenvereinbarungen_lesen;;KR_KVA_SB_A2;;
Experte;Debitor_Auszifferung;;KR_KVA_SB_A2;;
Experte;Debitor_Zahlungslaeufe_lesen;;KR_KVA_SB_A2;;
Experte;Debitor_Externe_Zahlungsdienstleister_lesen;;KR_KVA_SB_A2;;
Experte;Mahnwesen_lesen;;KR_KVA_SB_A2;;
Experte;Debitor_Offene_Posten_lesen;;KR_KVA_SB_A2;;
Experte;Produktmanagement_Keyuser;;KR_KVA_SB_A2;;
Experte;Bestandskundenmanagement_Keyuser;;KR_KVA_SB_A2;;
Experte;Abschlagsrechnungen;;KR_KVA_SB_A2;;
Experte;Einspeisung_Keyuser;;KR_KVA_SB_A2;;
Experte;Tarifkundenrechnungen;;KR_KVA_SB_A2;;
Standard;Abrechnungsdokumentendruck;;KR_KVA_SB_A2;;
Experte;Kostenverteilrechnung_Abrechnungsvorbereitung;;KR_KVA_SB_A2;;
Standard;Umsatzstatistik_Simulation_BAG_Konzession;;KR_KVA_SB_A2;;
Experte;Verbrauchsabrechnungsstorno;;KR_KVA_SB_A2;;
Experte;Controlling_Grosskunden_und_Tarifkundenabrechnung;;KR_KVA_SB_A2;;
Experte;Verwaltungsstruktur_Organisationsstruktur;;KR_KVA_SB_A2;;
Experte;Posteingang_lesen;;KR_KVA_SB_A2;;
Experte;Dokumentenadministrator;;KR_KVA_SB_A2;;
Standard;Servicemitarbeiter_Tarifkunden;;KR_KVA_SB_A2;;
Experte;Vertragsmanagement_lesen;;KR_KVA_SB_A2;;
Experte;CRM_lesen;;KR_KVA_SB_A2;;
Experte;Controlling_CRM;;KR_KVA_SB_A2;;
Experte;Controlling_Kundendaten;;KR_KVA_SB_A2;;
Experte;Controlling_Vertragsmanagement;;KR_KVA_SB_A2;;
Experte;Hauptbuch_Buchungserfassung_lesen;;KR_KVA_SB_A2;;
Experte;Hauptbuch_Abrechnungszeitraeume_lesen;;KR_KVA_SB_A2;;
Experte;Hauptbuch_Betriebsstruktur_lesen;;KR_KVA_SB_A2;;
Experte;Hauptbuch_Berichtswesen_lesen;;KR_KVA_SB_A2;;
Experte;Turnustausch;;KR_KVA_SB_A2;;
Experte;Geraete_Bewegungen_Keyuser;;KR_KVA_SB_A2;;
Kompakt;Ablesung_Ablesesteuerung;;KR_KVA_SB_A2;;
Standard;Geraete_Bearbeitung_Keyuser;;KR_KVA_SB_A2;;
Experte;Eichung_Stichproben_lesen;;KR_KVA_SB_A2;;
Experte;Tarifkundentarife_ohne_Netzentgeltdatenbank;;KR_KVA_SB_A2;;
Experte;Grosskunden_und_Tarifkundenabrechnung_ohne_Netzentgeltdatenbank_Keyuser;;KR_KVA_SB_A2;;
Experte;Controlling_Basis;;KR_KVA_SB_A2;;
Experte;Aktivitaetenmanagement;;KR_KVA_SB_A2;;
Experte;Controlling_Hauptbuch;;KR_KVA_SB_A2;;
Experte;Controlling_Kostenrechnung;;KR_KVA_SB_A2;;
Experte;Controlling_Debitoren;;KR_KVA_SB_A2;;
Experte;Controlling_Geraetemanagement;;KR_KVA_SB_A2;;
Experte;Controlling_Dezentrale_Anlagen;;KR_KVA_SB_A2;;
Experte;Geraete_einbauen;;KR_KVA_SB_A2;;
Experte;Aussetzung_Saeumnis;;KR_KVA_SB_IM;;
Experte;Bankclearing;;KR_KVA_SB_IM;;
Experte;Ratenvereinbarungen_buchen;;KR_KVA_SB_IM;;
Experte;Debitor_Zahlungslaeufe_buchen;;KR_KVA_SB_IM;;
Experte;Debitor_Externe_Zahlungsdienstleister;;KR_KVA_SB_IM;;
Experte;Mahnwesen;;KR_KVA_SB_IM;;
Standard;Abrechnungsdokumentendruck;;KR_KVA_SB_IM;;
Experte;Grosskunden_und_Tarifkundenabrechnung_lesen;;KR_KVA_SB_IM;;
Experte;Controlling_Grosskunden_und_Tarifkundenabrechnung;;KR_KVA_SB_IM;;
Experte;Posteingang_lesen;;KR_KVA_SB_IM;;
Experte;Dokumentenadministrator;;KR_KVA_SB_IM;;
Standard;Servicemitarbeiter_Tarifkunden;;KR_KVA_SB_IM;;
Experte;Vertragsmanagement_lesen;;KR_KVA_SB_IM;;
Experte;CRM_lesen;;KR_KVA_SB_IM;;
Experte;Controlling_CRM;;KR_KVA_SB_IM;;
Experte;Controlling_Kundendaten;;KR_KVA_SB_IM;;
Experte;Controlling_Vertragsmanagement;;KR_KVA_SB_IM;;
Experte;Hauptbuch_Buchungsstammdaten_lesen;;KR_KVA_SB_IM;;
Experte;Hauptbuch_Buchungserfassung_buchen;;KR_KVA_SB_IM;;
Experte;Hauptbuch_Abrechnungszeitraeume_lesen;;KR_KVA_SB_IM;;
Experte;Hauptbuch_Betriebsstruktur_lesen;;KR_KVA_SB_IM;;
Experte;Hauptbuch_Berichtswesen_lesen;;KR_KVA_SB_IM;;
Standard;Debitor_Offene_Posten_Management;;KR_KVA_SB_IM;;
Experte;Eichung_Stichproben_lesen;;KR_KVA_SB_IM;;
Experte;Geraete_Bearbeitung_lesen;;KR_KVA_SB_IM;;
Experte;Geraete_Bewegungen_lesen;;KR_KVA_SB_IM;;
Experte;Technische_Messwerte_lesen;;KR_KVA_SB_IM;;
Experte;Turnustausch_lesen;;KR_KVA_SB_IM;;
Experte;Geraete_Stammdaten_lesen;;KR_KVA_SB_IM;;
Experte;Controlling_Basis;;KR_KVA_SB_IM;;
Experte;Aktivitaetenmanagement;;KR_KVA_SB_IM;;
Experte;Controlling_Hauptbuch;;KR_KVA_SB_IM;;
Experte;Controlling_Kostenrechnung;;KR_KVA_SB_IM;;
Experte;Controlling_Debitoren;;KR_KVA_SB_IM;;
Experte;Controlling_Geraetemanagement;;KR_KVA_SB_IM;;
Experte;Controlling_Ablesung_und_Ablesesteuerung;;KR_KVA_SB_IM;;
Experte;Controlling_Dezentrale_Anlagen;;KR_KVA_SB_IM;;
Experte;Umsatzstatistik;;KR_KVD_GL;;
Standard;Tarifkundenabrechnung;;KR_KVD_GL;;
Experte;Verbrauchsabrechnungsstorno;;KR_KVD_GL;;
Experte;Dokumentenarchivadministrator_lesen;;KR_KVD_GL;;
Experte;Anwendungsadministrator_lesen;;KR_KVD_GL;;
Experte;Benutzeradministrator_lesen;;KR_KVD_GL;;
Experte;Dokumentenadministrator _lesen;;KR_KVD_GL;;
Standard;Debitor_Offene_Posten_Management;;KR_KVD_GL;;
Standard;Beitragsmanagement_und_Kataster_Keyuser;;KR_KVD_GL;;
Kompakt;Geraetemanagement;;KR_KVD_GL;;
Standard;Verwaltung;;KR_KVD_GL;;
Standard;CRM_Keyuser_Sta;;KR_KVD_GL;;
Experte;Controlling_Dezentrale_Anlagen;;KR_KVD_GL;;
Experte;Ratenvereinbarungen_lesen;;KR_KVD_SB1;;
Experte;Mahnwesen_lesen;;KR_KVD_SB1;;
Experte;Debitor_Offene_Posten_lesen;;KR_KVD_SB1;;
Experte;Grosskunden_und_Tarifkundenabrechnung_lesen;;KR_KVD_SB1;;
Experte;Posteingang;;KR_KVD_SB1;;
Experte;Verwaltungsstruktur_Organisationsstruktur;;KR_KVD_SB1;;
Experte;Dokumentenadministrator;;KR_KVD_SB1;;
Experte;Backoffice_Tarifkunden;;KR_KVD_SB1;;
Standard;Debitor_Forderungsmanagement;;KR_KVD_SB1;;
Standard;Beitragsmanagement_und_Kataster_Keyuser;;KR_KVD_SB1;;
Experte;Controlling_Dezentrale_Anlagen;;KR_KVD_SB1;;
Experte;Umsatzstatistik;;KR_KVK_GL;;
Standard;Tarifkundenabrechnung;;KR_KVK_GL;;
Experte;Verbrauchsabrechnungsstorno;;KR_KVK_GL;;
Experte;Dokumentenarchivadministrator_lesen;;KR_KVK_GL;;
Experte;Anwendungsadministrator_lesen;;KR_KVK_GL;;
Experte;Benutzeradministrator_lesen;;KR_KVK_GL;;
Experte;Dokumentenadministrator _lesen;;KR_KVK_GL;;
Standard;Debitor_Offene_Posten_Management;;KR_KVK_GL;;
Standard;Beitragsmanagement_und_Kataster_Keyuser;;KR_KVK_GL;;
Kompakt;Geraetemanagement;;KR_KVK_GL;;
Standard;Verwaltung;;KR_KVK_GL;;
Standard;CRM_Keyuser_Sta;;KR_KVK_GL;;
Experte;Controlling_Dezentrale_Anlagen;;KR_KVK_GL;;
Experte;Ratenvereinbarungen_lesen;;KR_KVK_SB1;;
Experte;Mahnwesen_lesen;;KR_KVK_SB1;;
Experte;Debitor_Offene_Posten_lesen;;KR_KVK_SB1;;
Experte;Zaehlerstaende_und_Energiemengen;;KR_KVK_SB1;;
Experte;Abschlagsrechnungen;;KR_KVK_SB1;;
Experte;Umsatzstatistik;;KR_KVK_SB1;;
Experte;Tarifkundenrechnungen;;KR_KVK_SB1;;
Experte;Verbrauchsabrechnungsstorno;;KR_KVK_SB1;;
Experte;Backoffice_Tarifkunden;;KR_KVK_SB1;;
Experte;Dezentrale_Anlagen_User;;KR_KVK_SB1;;
Experte;Geraete_Bearbeitung;;KR_KVK_SB1;;
Experte;Frontoffice_Tarifkunden_VA;;KR_KVK_SB1;;
Experte;Frontoffice_Tarifkunden_KD;;KR_KVK_SB1;;
Experte;Frontoffice_Tarifkunden_VM;;KR_KVK_SB1;;
Experte;Controlling_Dezentrale_Anlagen;;KR_KVK_SB1;;
Experte;Geraete_einbauen;;KR_KVK_SB1;;
Experte;Ratenvereinbarungen_lesen;;KR_KVK_SB2;;
Experte;Mahnwesen_lesen;;KR_KVK_SB2;;
Experte;Debitor_Offene_Posten_lesen;;KR_KVK_SB2;;
Experte;Zaehlerstaende_und_Energiemengen;;KR_KVK_SB2;;
Experte;Abschlagsrechnungen;;KR_KVK_SB2;;
Experte;Umsatzstatistik;;KR_KVK_SB2;;
Experte;Tarifkundenrechnungen;;KR_KVK_SB2;;
Experte;Grosskunden_und_Tarifkundenabrechnung_lesen;;KR_KVK_SB2;;
Experte;Verbrauchsabrechnungsstorno;;KR_KVK_SB2;;
Experte;Posteingang;;KR_KVK_SB2;;
Experte;Verwaltungsstruktur_Organisationsstruktur;;KR_KVK_SB2;;
Experte;Dokumentenadministrator;;KR_KVK_SB2;;
Experte;Backoffice_Tarifkunden;;KR_KVK_SB2;;
Standard;Debitor_Forderungsmanagement;;KR_KVK_SB2;;
Standard;Beitragsmanagement_und_Kataster_Keyuser;;KR_KVK_SB2;;
Experte;Dezentrale_Anlagen_User;;KR_KVK_SB2;;
Experte;Geraete_Bearbeitung;;KR_KVK_SB2;;
Experte;Frontoffice_Tarifkunden_VA;;KR_KVK_SB2;;
Experte;Frontoffice_Tarifkunden_KD;;KR_KVK_SB2;;
Experte;Frontoffice_Tarifkunden_VM;;KR_KVK_SB2;;
Experte;Controlling_Dezentrale_Anlagen;;KR_KVK_SB2;;
Experte;Geraete_einbauen;;KR_KVK_SB2;;
Experte;Ratenvereinbarungen_lesen;;KR_KVK_SB3;;
Experte;Mahnwesen_lesen;;KR_KVK_SB3;;
Experte;Debitor_Offene_Posten_lesen;;KR_KVK_SB3;;
Experte;Zaehlerstaende_und_Energiemengen;;KR_KVK_SB3;;
Experte;Abschlagsrechnungen;;KR_KVK_SB3;;
Experte;Umsatzstatistik;;KR_KVK_SB3;;
Experte;Tarifkundenrechnungen;;KR_KVK_SB3;;
Experte;Verbrauchsabrechnungsstorno;;KR_KVK_SB3;;
Experte;Dokumentenadministrator _lesen;;KR_KVK_SB3;;
Experte;Backoffice_Tarifkunden;;KR_KVK_SB3;;
Experte;Dezentrale_Anlagen_User;;KR_KVK_SB3;;
Experte;Geraete_Bearbeitung;;KR_KVK_SB3;;
Experte;Dezentrale_Anlagen_lesen;;KR_KVK_SB3;;
Standard;CRM_Keyuser_Sta;;KR_KVK_SB3;;
Experte;Frontoffice_Tarifkunden_VA;;KR_KVK_SB3;;
Experte;Frontoffice_Tarifkunden_KD;;KR_KVK_SB3;;
Experte;Frontoffice_Tarifkunden_VM;;KR_KVK_SB3;;
Experte;Controlling_Dezentrale_Anlagen;;KR_KVK_SB3;;
Experte;Geraete_einbauen;;KR_KVK_SB3;;
Standard;Controlling Auftrag und Zähler;;KR_KVK_SB3;;
Experte;Qualifikationsverfahren_bearbeiten;;KR_KVK_SB3;;
Experte;Frontoffice_lesen;;KR_KVS_AD;;
Experte;Geraete_Bearbeitung_lesen;;KR_KVS_AD;;
Experte;Geraete_Bewegungen_lesen;;KR_KVS_AD;;
Experte;Geraete_Strukturen_lesen;;KR_KVS_AD;;
Experte;Tagwerke_lesen;;KR_KVS_AD;;
Experte;Technische_Messwerte_lesen;;KR_KVS_AD;;
Experte;Geraete_Stammdaten_lesen;;KR_KVS_AD;;
Experte;Controlling_Ablesung_und_Ablesesteuerung;;KR_KVS_AD;;
Experte;Controlling_Dezentrale_Anlagen;;KR_KVS_AD;;
Experte;Qualifikationsverfahren_lesen;;KR_KVS_AD;;
Experte;Benutzeradministrator_lesen;;KR_KVS_GL;;
Experte;Frontoffice_lesen;;KR_KVS_GL;;
Kompakt;Ablesung_Ablesesteuerung;;KR_KVS_GL;;
Kompakt;Geraetemanagement;;KR_KVS_GL;;
Experte;Frontoffice_Tarifkunden_CRM;;KR_KVS_GL;;
Experte;Controlling_Dezentrale_Anlagen;;KR_KVS_GL;;
Experte;Frontoffice_lesen;;KR_KVS_SB1;;
Kompakt;Ablesung_Ablesesteuerung;;KR_KVS_SB1;;
Kompakt;Geraetemanagement;;KR_KVS_SB1;;
Experte;Frontoffice_Tarifkunden_CRM;;KR_KVS_SB1;;
Experte;Controlling_Dezentrale_Anlagen;;KR_KVS_SB1;;
Experte;Umsatzstatistik;;KR_KV_AL;;
Experte;Dokumentenarchivadministrator_lesen;;KR_KV_AL;;
Experte;Anwendungsadministrator_lesen;;KR_KV_AL;;
Experte;Benutzeradministrator_lesen;;KR_KV_AL;;
Experte;Dokumentenadministrator _lesen;;KR_KV_AL;;
Experte;CRM_lesen;;KR_KV_AL;;
Standard;Debitor_Offene_Posten_Management;;KR_KV_AL;;
Standard;Beitragsmanagement_und_Kataster;;KR_KV_AL;;
Kompakt;Geraetemanagement;;KR_KV_AL;;
Standard;Verwaltung;;KR_KV_AL;;
Experte;Ratenvereinbarungen_lesen;;KR_KV_AZUBI;;
Experte;Mahnwesen_lesen;;KR_KV_AZUBI;;
Experte;Debitor_Offene_Posten_lesen;;KR_KV_AZUBI;;
Experte;Abschlagsrechnungen;;KR_KV_AZUBI;;
Experte;Verbrauchsabrechnungsstorno;;KR_KV_AZUBI;;
Experte;Backoffice_Tarifkunden;;KR_KV_AZUBI;;
Experte;Geraete_Bearbeitung;;KR_KV_AZUBI;;
Experte;Dezentrale_Anlagen_lesen;;KR_KV_AZUBI;;
Experte;Controlling_Dezentrale_Anlagen;;KR_KV_AZUBI;;
Standard;Controlling Auftrag und Zähler;;KR_KV_AZUBI;;
Experte;Ratenvereinbarungen_lesen;;KR_KV_SB1;;
Experte;Debitor_Auszifferung_lesen;;KR_KV_SB1;;
Experte;Mahnwesen_lesen;;KR_KV_SB1;;
Experte;Debitor_Offene_Posten_lesen;;KR_KV_SB1;;
Experte;Grosskunden_und_Tarifkundenabrechnung_lesen;;KR_KV_SB1;;
Experte;Geraete_Bearbeitung;;KR_KV_SB1;;
Standard;Frontoffice_Tarifkunden_Keyuser;;KR_KV_SB1;;
Experte;Beschwerdemanagement_Keyuser;;KR_KV_SB1;;
Experte;Controlling_Dezentrale_Anlagen;;KR_KV_SB1;;
Experte;Rechnungseingang_lesen;;KR_K_BL;;
Experte;Gebuehrenerfassung_lesen;;KR_K_BL;;
Experte;Aussetzung_Saeumnis_lesen;;KR_K_BL;;
Experte;Vertragskonten_lesen;;KR_K_BL;;
Experte;Sicherheitsleistung_lesen;;KR_K_BL;;
Experte;Debitor_Ausbuchungen_EWB_lesen;;KR_K_BL;;
Experte;Bankclearing_lesen;;KR_K_BL;;
Experte;Ratenvereinbarungen_lesen;;KR_K_BL;;
Experte;Kreditor_Auszifferung_lesen;;KR_K_BL;;
Experte;Debitor_Auszifferung_lesen;;KR_K_BL;;
Experte;Kreditor_Ausbuchungen_lesen;;KR_K_BL;;
Experte;Debitor_Zahlungslaeufe_lesen;;KR_K_BL;;
Experte;Kreditor_Zahlungslaeufe_lesen;;KR_K_BL;;
Experte;Mahnwesen_lesen;;KR_K_BL;;
Experte;Kreditor_Offene_Posten_lesen;;KR_K_BL;;
Experte;Debitor_Offene_Posten_lesen;;KR_K_BL;;
Experte;Beitragsmanagement_lesen;;KR_K_BL;;
Experte;Grosskunden_und_Tarifkundenabrechnung_lesen;;KR_K_BL;;
Experte;Controlling_Grosskunden_und_Tarifkundenabrechnung;;KR_K_BL;;
Experte;Grundstueckskataster _lesen;;KR_K_BL;;
Experte;Dokumentenarchivadministrator_lesen;;KR_K_BL;;
Experte;Anwendungsadministrator_lesen;;KR_K_BL;;
Experte;Benutzeradministrator_lesen;;KR_K_BL;;
Experte;Verwaltungsstruktur_Organisationsstruktur_lesen;;KR_K_BL;;
Experte;Dokumentenadministrator _lesen;;KR_K_BL;;
Experte;Frontoffice_lesen;;KR_K_BL;;
Experte;Vertragsmanagement_lesen;;KR_K_BL;;
Experte;CRM_lesen;;KR_K_BL;;
Experte;Controlling_CRM;;KR_K_BL;;
Experte;Controlling_Kundendaten;;KR_K_BL;;
Experte;Controlling_Vertragsmanagement;;KR_K_BL;;
Experte;Anlagenbuchhaltung_lesen;;KR_K_BL;;
Experte;Kostenrechnung_lesen;;KR_K_BL;;
Experte;Periodensaldenlaeufe_lesen;;KR_K_BL;;
Experte;Hauptbuch_Kasse_lesen;;KR_K_BL;;
Experte;Hauptbuch_Buchungsstammdaten_lesen;;KR_K_BL;;
Experte;Hauptbuch_Buchungserfassung_lesen;;KR_K_BL;;
Experte;Hauptbuch_Abrechnungszeitraeume_lesen;;KR_K_BL;;
Experte;Hauptbuch_Betriebsstruktur_lesen;;KR_K_BL;;
Experte;Hauptbuch_Sonderfunktionen_lesen;;KR_K_BL;;
Experte;Umsatzsteuervoranmeldung_lesen;;KR_K_BL;;
Experte;Buchhalterische_Schnittstellen_lesen;;KR_K_BL;;
Experte;Hauptbuch_Berichtswesen_lesen;;KR_K_BL;;
Experte;Auftrag_Buchungen_lesen;;KR_K_BL;;
Experte;Arbeitszeiterfassung_lesen;;KR_K_BL;;
Experte;Auftrag_Arbeit_lesen;;KR_K_BL;;
Experte;Auftrag_Artikel_Lager_lesen;;KR_K_BL;;
Experte;Auftrag_Belegwesen_lesen;;KR_K_BL;;
Experte;Auftrag_Informationen_lesen;;KR_K_BL;;
Experte;Auftrag_Maschinen_lesen;;KR_K_BL;;
Experte;Auftrag_Planung_lesen;;KR_K_BL;;
Experte;Auftrag_Verwaltung_lesen;;KR_K_BL;;
Experte;Dezentrale_Anlagen_lesen;;KR_K_BL;;
Experte;Eichung_Stichproben_lesen;;KR_K_BL;;
Experte;Geraete_Bearbeitung_lesen;;KR_K_BL;;
Experte;Geraete_Bewegungen_lesen;;KR_K_BL;;
Experte;Geraete_Strukturen_lesen;;KR_K_BL;;
Experte;Instandhaltungsmanagement_lesen;;KR_K_BL;;
Experte;Inventur_lesen;;KR_K_BL;;
Experte;Strukturdefintionen_lesen;;KR_K_BL;;
Experte;Tagwerke_lesen;;KR_K_BL;;
Experte;Technische_Auftraege_lesen;;KR_K_BL;;
Experte;Technische_Messwerte_lesen;;KR_K_BL;;
Experte;Turnustausch_lesen;;KR_K_BL;;
Experte;Geraete_Stammdaten_lesen;;KR_K_BL;;
Experte;Controlling_Dienste;;KR_K_BL;;
Experte;Controlling_Basis;;KR_K_BL;;
Experte;Controlling_Hauptbuch;;KR_K_BL;;
Experte;Controlling_Kostenrechnung;;KR_K_BL;;
Experte;Controlling_Anlagenbuchhaltung;;KR_K_BL;;
Experte;Hauptbuch_Folgebuchungen_lesen;;KR_K_BL;;
Experte;Controlling_Debitoren;;KR_K_BL;;
Experte;Controlling_Kreditoren;;KR_K_BL;;
Experte;Controlling_Rechnungseingang;;KR_K_BL;;
Experte;Controlling_Beitragsmanagement;;KR_K_BL;;
Experte;Controlling_Geraetemanagement;;KR_K_BL;;
Experte;Controlling_Ablesung_und_Ablesesteuerung;;KR_K_BL;;
Experte;Controlling_Dezentrale_Anlagen;;KR_K_BL;;
Experte;Controlling_Auftragsmanagement;;KR_K_BL;;
Experte;Einspeisung_lesen;;KR_TL_SB1;;
Experte;Verwaltungsstruktur_Organisationsstruktur_lesen;;KR_TL_SB1;;
Experte;Frontoffice_lesen;;KR_TL_SB1;;
Experte;Automatische_Abwasserabgabe_lesen;;KR_TL_SB1;;
Experte;Dezentrale_Anlagen_lesen;;KR_TL_SB1;;
Experte;Gasinnenpruefung_lesen;;KR_TL_SB1;;
Experte;Geraete_Bewegungen_lesen;;KR_TL_SB1;;
Experte;Turnustausch_lesen;;KR_TL_SB1;;
Experte;Vorgangsakte_lesen;;KR_TL_SB1;;
Experte;Einspeisung_Rechnungen_lesen;;KR_TL_SB1;;
Kompakt;Kreditor;;KR_kVASyAdmin;;
Kompakt;BI_3;;KR_kVASyAdmin;;
Kompakt;BI_Sonderrollen_3;;KR_kVASyAdmin;;
Kompakt;Energiedatenmanagement;;KR_kVASyAdmin;;
Kompakt;Verbrauchsabrechnung;;KR_kVASyAdmin;;
Kompakt;Einspeisung;;KR_kVASyAdmin;;
Kompakt;Systemadministrator;;KR_kVASyAdmin;;
Kompakt;Verwaltung;;KR_kVASyAdmin;;
Kompakt;Sonderrollen;;KR_kVASyAdmin;;
Kompakt;CRM;;KR_kVASyAdmin;;
Kompakt;Servicemitarbeiter;;KR_kVASyAdmin;;
Kompakt;Finanzbuchhaltung;;KR_kVASyAdmin;;
Kompakt;Marktkommunikation;;KR_kVASyAdmin;;
Kompakt;Debitor;;KR_kVASyAdmin;;
Kompakt;Dezentrale_Anlagen;;KR_kVASyAdmin;;
Kompakt;Vorgangsakte;;KR_kVASyAdmin;;
Kompakt;Technische_Auftraege;;KR_kVASyAdmin;;
Kompakt;Ablesung_Ablesesteuerung;;KR_kVASyAdmin;;
Kompakt;Geraetemanagement;;KR_kVASyAdmin;;
Kompakt;Instandhaltungsmanagement;;KR_kVASyAdmin;;
Kompakt;Auftragsmanagement;;KR_kVASyAdmin;;
Kompakt;Administrator;;KR_kVASyAdmin;;
Kompakt;TripleD_User;;KR_kVASyAdmin;;
Kompakt;Energiedatenmanagement_lesen;;KR_kVASyAdmin;;
Kompakt;Zaehlpunktumzug_Keyuser;;KR_kVASyAdmin;;
Kompakt;Vertragsdatenschnittstellen_Export;;KR_kVASyAdmin;;
Kompakt;Frontoffice_Tarifkunden_Keyuser;;KR_kVASyAdmin;;
Kompakt;Vertriebskanalmanagement_Keyuser;;KR_kVASyAdmin;;
Kompakt;Technische_Dienstleistungen;;KR_kVASyAdmin;;
Standard;CRM_Keyuser_Sta;hausmann;;;
Kompakt;Systemadministrator;siv_admin;;;
Kompakt;Administrator;siv_admin;;;
